{
  "mid_door": [
    -395.9927,
    1621.5656,
    -126.52221
  ],
  "x_box": [
    -292.44843,
    1429.4453,
    -27.96875
  ],
  "long_boost_box": [
    687.1343,
    685.33527,
    77.0283
  ],
  "b_top_box": [
    -1630.9525,
    2546.232,
    133.78125
  ],
  "pole": [
    -246.02505,
    757.6251,
    542.9112
  ],
  "top_door": [
    -436.71628,
    1592.5829,
    19.94853
  ],
  "top_window": [
    -1322.0044,
    2633.8955,
    224.58302
  ]
}